URL,1,2,3,4,5,6,7,8,9
https://www.nytimes.com/2020/06/18/sports/basketball/nba-disney-world-mls.html,https:,,www.nytimes.com,2020,06,18,sports,basketball,nba-disney-world-mls.html
https://www.nytimes.com/2020/06/25/sports/basketball/nba-load-management.html,https:,,www.nytimes.com,2020,06,25,sports,basketball,nba-load-management.html
https://www.nytimes.com/2020/06/24/sports/basketball/nba-coronavirus.html,https:,,www.nytimes.com,2020,06,24,sports,basketball,nba-coronavirus.html
https://www.nytimes.com/2020/06/16/sports/basketball/nba-bubble-coronavirus-disney-world.html,https:,,www.nytimes.com,2020,06,16,sports,basketball,nba-bubble-coronavirus-disney-world.html
https://www.nytimes.com/2020/06/17/sports/basketball/marc-stein-newsletter.html,https:,,www.nytimes.com,2020,06,17,sports,basketball,marc-stein-newsletter.html
https://www.nytimes.com/2020/06/12/business/media/tenet-release-delayed.html,https:,,www.nytimes.com,2020,06,12,business,media,tenet-release-delayed.html
https://www.nytimes.com/2020/06/12/business/media/tucker-carlson-fox-news-advertisers.html,https:,,www.nytimes.com,2020,06,12,business,media,tucker-carlson-fox-news-advertisers.html
https://www.nytimes.com/2020/05/23/sports/basketball/nba-disney-world-orlando.html,https:,,www.nytimes.com,2020,05,23,sports,basketball,nba-disney-world-orlando.html
https://www.nytimes.com/2020/06/10/sports/basketball/marc-stein-newsletter.html,https:,,www.nytimes.com,2020,06,10,sports,basketball,marc-stein-newsletter.html
https://www.nytimes.com/2020/06/05/sports/basketball/coronavirus-nba-orlando.html,https:,,www.nytimes.com,2020,06,05,sports,basketball,coronavirus-nba-orlando.html
https://www.nytimes.com/2020/05/18/business/media/tiktok-ceo-kevin-mayer.html,https:,,www.nytimes.com,2020,05,18,business,media,tiktok-ceo-kevin-mayer.html
https://www.nytimes.com/2020/06/03/sports/basketball/marc-stein-newsletter.html,https:,,www.nytimes.com,2020,06,03,sports,basketball,marc-stein-newsletter.html
https://www.nytimes.com/2020/06/01/arts/television/june-netflix.html,https:,,www.nytimes.com,2020,06,01,arts,television,june-netflix.html
https://www.nytimes.com/2020/05/14/theater/frozen-broadway-closing-virus.html,https:,,www.nytimes.com,2020,05,14,theater,frozen-broadway-closing-virus.html,
https://www.nytimes.com/2020/05/27/sports/basketball/nba-return-july.html,https:,,www.nytimes.com,2020,05,27,sports,basketball,nba-return-july.html
https://www.nytimes.com/2020/05/24/arts/disney-pixar-gay-out.html,https:,,www.nytimes.com,2020,05,24,arts,disney-pixar-gay-out.html,
https://www.nytimes.com/2020/05/12/movies/hamilton-movie-disney-plus.html,https:,,www.nytimes.com,2020,05,12,movies,hamilton-movie-disney-plus.html,
https://www.nytimes.com/2020/05/05/business/media/coronavirus-disney-earnings.html,https:,,www.nytimes.com,2020,05,05,business,media,coronavirus-disney-earnings.html
https://www.nytimes.com/2020/05/04/business/media/coronavirus-disney.html,https:,,www.nytimes.com,2020,05,04,business,media,coronavirus-disney.html
https://www.nytimes.com/2020/05/03/us/disney-world-discovery-island-man-arrested.html,https:,,www.nytimes.com,2020,05,03,us,disney-world-discovery-island-man-arrested.html,
https://www.nytimes.com/2020/05/14/arts/things-to-do-weekend-coronavirus.html,https:,,www.nytimes.com,2020,05,14,arts,things-to-do-weekend-coronavirus.html,
https://www.nytimes.com/2020/05/11/business/shanghai-disneyland-reopens.html,https:,,www.nytimes.com,2020,05,11,business,shanghai-disneyland-reopens.html,
https://www.nytimes.com/2020/04/28/business/star-wars-may-the-fourth-disney.html,https:,,www.nytimes.com,2020,04,28,business,star-wars-may-the-fourth-disney.html,
https://www.nytimes.com/2020/05/06/business/dealbook/coronavirus-private-equity.html,https:,,www.nytimes.com,2020,05,06,business,dealbook,coronavirus-private-equity.html
https://www.nytimes.com/2020/04/21/movies/ann-sullivan-dead-coronavirus.html,https:,,www.nytimes.com,2020,04,21,movies,ann-sullivan-dead-coronavirus.html,
https://www.nytimes.com/2020/04/24/sports/ufc-249-florida.html,https:,,www.nytimes.com,2020,04,24,sports,ufc-249-florida.html,
https://www.nytimes.com/2020/04/12/business/disney-furloughs-coronavirus.html,https:,,www.nytimes.com,2020,04,12,business,disney-furloughs-coronavirus.html,
https://www.nytimes.com/2020/04/12/business/media/disney-ceo-coronavirus.html,https:,,www.nytimes.com,2020,04,12,business,media,disney-ceo-coronavirus.html
https://www.nytimes.com/2020/04/20/reader-center/more-puzzles-coronavirus.html,https:,,www.nytimes.com,2020,04,20,reader-center,more-puzzles-coronavirus.html,
https://www.nytimes.com/2020/04/08/business/disney-plus-50-million-subscribers.html,https:,,www.nytimes.com,2020,04,08,business,disney-plus-50-million-subscribers.html,
https://www.nytimes.com/2020/04/09/sports/ufc-249-canceled.html,https:,,www.nytimes.com,2020,04,09,sports,ufc-249-canceled.html,
https://www.nytimes.com/2020/04/16/movies/stream-movie-tangled.html,https:,,www.nytimes.com,2020,04,16,movies,stream-movie-tangled.html,
https://www.nytimes.com/2020/04/15/movies/hollywood-new-films-coronavirus.html,https:,,www.nytimes.com,2020,04,15,movies,hollywood-new-films-coronavirus.html,
https://www.nytimes.com/2020/04/13/business/dealbook/oil-price-opec-deal.html,https:,,www.nytimes.com,2020,04,13,business,dealbook,oil-price-opec-deal.html
https://www.nytimes.com/2020/04/13/theater/union-agrees-to-Broadway-benefit.html,https:,,www.nytimes.com,2020,04,13,theater,union-agrees-to-Broadway-benefit.html,
https://www.nytimes.com/2020/04/11/theater/broadway-cares-coronavirus.html,https:,,www.nytimes.com,2020,04,11,theater,broadway-cares-coronavirus.html,
https://www.nytimes.com/2020/03/12/business/disneyland-coronavirus.html,https:,,www.nytimes.com,2020,03,12,business,disneyland-coronavirus.html,
https://www.nytimes.com/interactive/2020/03/23/magazine/werner-herzog-interview.html,https:,,www.nytimes.com,interactive,2020,03,23,magazine,werner-herzog-interview.html
https://www.nytimes.com/2020/03/12/travel/coronavirus-disneyworld-theme-parks.html,https:,,www.nytimes.com,2020,03,12,travel,coronavirus-disneyworld-theme-parks.html,
https://www.nytimes.com/2020/03/18/business/media/movie-theaters-bailout-coronavirus.html,https:,,www.nytimes.com,2020,03,18,business,media,movie-theaters-bailout-coronavirus.html
https://www.nytimes.com/2020/03/18/technology/pixar-pioneers-win-1-million-turing-award.html,https:,,www.nytimes.com,2020,03,18,technology,pixar-pioneers-win-1-million-turing-award.html,
https://www.nytimes.com/2020/03/17/business/media/coronavirus-television-netflix.html,https:,,www.nytimes.com,2020,03,17,business,media,coronavirus-television-netflix.html
https://www.nytimes.com/2020/03/17/arts/grace-vanderwaal-stargirl.html,https:,,www.nytimes.com,2020,03,17,arts,grace-vanderwaal-stargirl.html,
https://www.nytimes.com/2020/03/14/business/coronavirus-refunds.html,https:,,www.nytimes.com,2020,03,14,business,coronavirus-refunds.html,
https://www.nytimes.com/2020/03/12/movies/soul-pixar-jamie-foxx.html,https:,,www.nytimes.com,2020,03,12,movies,soul-pixar-jamie-foxx.html,
https://www.nytimes.com/2020/03/13/business/dealbook/coronavirus-markets-stocks.html,https:,,www.nytimes.com,2020,03,13,business,dealbook,coronavirus-markets-stocks.html
https://www.nytimes.com/2020/03/03/business/disney-hudson-square.html,https:,,www.nytimes.com,2020,03,03,business,disney-hudson-square.html,
https://www.nytimes.com/2020/03/12/movies/streaming-movies-roundtable.html,https:,,www.nytimes.com,2020,03,12,movies,streaming-movies-roundtable.html,
https://www.nytimes.com/2020/02/26/business/media/bob-chapek-disney-ceo.html,https:,,www.nytimes.com,2020,02,26,business,media,bob-chapek-disney-ceo.html
https://www.nytimes.com/2020/03/09/sports/golf/pga-tour-tv-deal.html,https:,,www.nytimes.com,2020,03,09,sports,golf,pga-tour-tv-deal.html
https://www.nytimes.com/2020/02/25/business/media/bob-iger-disney-ceo.html,https:,,www.nytimes.com,2020,02,25,business,media,bob-iger-disney-ceo.html
https://www.nytimes.com/2020/03/01/business/the-week-in-business-it-was-all-about-the-coronavirus.html,https:,,www.nytimes.com,2020,03,01,business,the-week-in-business-it-was-all-about-the-coronavirus.html,
https://www.nytimes.com/2020/02/27/business/dealbook/coronavirus-corporate-response.html,https:,,www.nytimes.com,2020,02,27,business,dealbook,coronavirus-corporate-response.html
https://www.nytimes.com/2020/02/26/business/dealbook/coronavirus-cdc-markets.html,https:,,www.nytimes.com,2020,02,26,business,dealbook,coronavirus-cdc-markets.html
https://www.nytimes.com/2020/02/23/movies/call-of-the-wild-dog.html,https:,,www.nytimes.com,2020,02,23,movies,call-of-the-wild-dog.html,
https://www.nytimes.com/2020/02/04/business/media/disney-earnings.html,https:,,www.nytimes.com,2020,02,04,business,media,disney-earnings.html
https://www.nytimes.com/2020/02/05/us/lion-king-berkeley-movie-licensing.html,https:,,www.nytimes.com,2020,02,05,us,lion-king-berkeley-movie-licensing.html,
https://www.nytimes.com/2020/02/07/business/coronavirus-business-impact.html,https:,,www.nytimes.com,2020,02,07,business,coronavirus-business-impact.html,
https://www.nytimes.com/2020/02/06/movies/timmy-failure-mistakes-were-made-review.html,https:,,www.nytimes.com,2020,02,06,movies,timmy-failure-mistakes-were-made-review.html,
https://www.nytimes.com/2020/01/17/business/media/disney-fox-name.html,https:,,www.nytimes.com,2020,01,17,business,media,disney-fox-name.html
https://www.nytimes.com/2020/02/04/technology/section-230-lobby.html,https:,,www.nytimes.com,2020,02,04,technology,section-230-lobby.html,
https://www.nytimes.com/2020/02/03/theater/hamilton-film-release-date.html,https:,,www.nytimes.com,2020,02,03,theater,hamilton-film-release-date.html,
https://www.nytimes.com/2020/01/11/well/family/Disney-running-marathon-costumes.html,https:,,www.nytimes.com,2020,01,11,well,family,Disney-running-marathon-costumes.html
https://www.nytimes.com/2020/01/08/travel/disney-parks-moms-panel.html,https:,,www.nytimes.com,2020,01,08,travel,disney-parks-moms-panel.html,
https://www.nytimes.com/2020/01/30/sports/football/super-bowl-halftime-1995.html,https:,,www.nytimes.com,2020,01,30,sports,football,super-bowl-halftime-1995.html
https://www.nytimes.com/2020/01/29/technology/personaltech/paying-subscription-services.html,https:,,www.nytimes.com,2020,01,29,technology,personaltech,paying-subscription-services.html
https://www.nytimes.com/slideshow/2020/01/28/realestate/a-tour-of-burbank-calif.html,https:,,www.nytimes.com,slideshow,2020,01,28,realestate,a-tour-of-burbank-calif.html
https://www.nytimes.com/2019/12/25/world/asia/star-wars-kiss-singapore.html,https:,,www.nytimes.com,2019,12,25,world,asia,star-wars-kiss-singapore.html
https://www.nytimes.com/2020/01/20/opinion/future-dvds-streaming.html,https:,,www.nytimes.com,2020,01,20,opinion,future-dvds-streaming.html,
https://www.nytimes.com/2020/01/17/world/europe/hallstatt-austria-frozen-tourists.html,https:,,www.nytimes.com,2020,01,17,world,europe,hallstatt-austria-frozen-tourists.html
https://www.nytimes.com/2020/01/16/arts/television/rob-delaney-amazon-justified-hulu.html,https:,,www.nytimes.com,2020,01,16,arts,television,rob-delaney-amazon-justified-hulu.html
https://www.nytimes.com/2020/01/15/business/media/hot-nature-shows.html,https:,,www.nytimes.com,2020,01,15,business,media,hot-nature-shows.html
https://www.nytimes.com/2020/01/14/smarter-living/manage-streaming-tv-subscriptions-disney-hulu-netflix.html,https:,,www.nytimes.com,2020,01,14,smarter-living,manage-streaming-tv-subscriptions-disney-hulu-netflix.html,
https://www.nytimes.com/2019/11/15/opinion/disney-plus-streaming-netflix.html,https:,,www.nytimes.com,2019,11,15,opinion,disney-plus-streaming-netflix.html,
https://www.nytimes.com/2020/01/14/movies/star-wars-china.html,https:,,www.nytimes.com,2020,01,14,movies,star-wars-china.html,
https://www.nytimes.com/2006/10/26/technology/26disney.html,https:,,www.nytimes.com,2006,10,26,technology,26disney.html,
https://www.nytimes.com/2006/10/26/technology/disney-movies-on-a-tiny-disney-screen.html,https:,,www.nytimes.com,2006,10,26,technology,disney-movies-on-a-tiny-disney-screen.html,
https://www.nytimes.com/2004/12/03/travel/escapes/disney-by-the-numbers.html,https:,,www.nytimes.com,2004,12,03,travel,escapes,disney-by-the-numbers.html
https://www.nytimes.com/2005/09/17/opinion/disney-on-parade.html,https:,,www.nytimes.com,2005,09,17,opinion,disney-on-parade.html,
https://dealbook.nytimes.com/2014/10/06/walt-disney-co-backs-1-25-billion-lifeline-for-euro-disney/,https:,,dealbook.nytimes.com,2014,10,06,walt-disney-co-backs-1-25-billion-lifeline-for-euro-disney,,
https://www.nytimes.com/2008/08/01/arts/01arts-RAIMITODIREC_BRF.html,https:,,www.nytimes.com,2008,08,01,arts,01arts-RAIMITODIREC_BRF.html,
https://www.nytimes.com/2019/11/25/books/review/disneys-land-richard-snow-disneyland.html,https:,,www.nytimes.com,2019,11,25,books,review,disneys-land-richard-snow-disneyland.html
https://www.nytimes.com/2008/11/06/style/06iht-06disney.17579292.html,https:,,www.nytimes.com,2008,11,06,style,06iht-06disney.17579292.html,
https://www.nytimes.com/1995/08/01/opinion/from-disney-world-to-disneys-world.html,https:,,www.nytimes.com,1995,08,01,opinion,from-disney-world-to-disneys-world.html,
https://www.nytimes.com/2008/11/06/fashion/06disney.html,https:,,www.nytimes.com,2008,11,06,fashion,06disney.html,
https://www.nytimes.com/reuters/2020/06/24/business/24reuters-health-coronavirus-disney.html,https:,,www.nytimes.com,reuters,2020,06,24,business,24reuters-health-coronavirus-disney.html
https://artsbeat.blogs.nytimes.com/2009/02/06/blogs/06artsbeat-dreamwor1833.html,https:,,artsbeat.blogs.nytimes.com,2009,02,06,blogs,06artsbeat-dreamwor1833.html,
https://economix.blogs.nytimes.com/2007/12/03/euro-disney/,https:,,economix.blogs.nytimes.com,2007,12,03,euro-disney,,
https://www.nytimes.com/2010/07/09/arts/design/09galleries-003.html,https:,,www.nytimes.com,2010,07,09,arts,design,09galleries-003.html
https://www.nytimes.com/2006/12/03/books/chapters/1203-1st-gabl.html,https:,,www.nytimes.com,2006,12,03,books,chapters,1203-1st-gabl.html
https://www.nytimes.com/2006/01/26/opinion/26iht-eddisney.html,https:,,www.nytimes.com,2006,01,26,opinion,26iht-eddisney.html,
https://www.nytimes.com/slideshow/2009/04/01/movies/20090401-disney-slideshow_index.html,https:,,www.nytimes.com,slideshow,2009,04,01,movies,20090401-disney-slideshow_index.html
https://www.nytimes.com/1997/03/19/movies/a-disney-series.html,https:,,www.nytimes.com,1997,03,19,movies,a-disney-series.html,
https://www.nytimes.com/1997/06/14/nyregion/the-disney-parade.html,https:,,www.nytimes.com,1997,06,14,nyregion,the-disney-parade.html,
https://www.nytimes.com/2019/10/27/business/media/disney-plus-marketing.html,https:,,www.nytimes.com,2019,10,27,business,media,disney-plus-marketing.html
https://www.nytimes.com/2011/02/07/business/media/07disney.html,https:,,www.nytimes.com,2011,02,07,business,media,07disney.html
https://www.nytimes.com/2002/05/19/arts/theater/disney-onstage.html,https:,,www.nytimes.com,2002,05,19,arts,theater,disney-onstage.html
https://www.nytimes.com/2017/04/03/crosswords/disney-character-noble-line-on-the-beach.html,https:,,www.nytimes.com,2017,04,03,crosswords,disney-character-noble-line-on-the-beach.html,
https://mediadecoder.blogs.nytimes.com/2012/10/30/disney-buying-lucas-films-for-4-billion/,https:,,mediadecoder.blogs.nytimes.com,2012,10,30,disney-buying-lucas-films-for-4-billion,,
https://www.nytimes.com/2004/02/13/business/bidding-for-disney-advertising-as-brands-comcast-and-disney-are-awkward-pair.html,https:,,www.nytimes.com,2004,02,13,business,bidding-for-disney-advertising-as-brands-comcast-and-disney-are-awkward-pair.html,
https://www.nytimes.com/2009/09/01/business/media/01VIEWS.html,https:,,www.nytimes.com,2009,09,01,business,media,01VIEWS.html
https://www.nytimes.com/1997/05/04/opinion/disney-s-homosynergy.html,https:,,www.nytimes.com,1997,05,04,opinion,disney-s-homosynergy.html,
https://www.nytimes.com/2019/11/10/business/media/Disney-Plus-streaming.html,https:,,www.nytimes.com,2019,11,10,business,media,Disney-Plus-streaming.html
https://www.nytimes.com/2006/01/24/business/media/disney-bid-for-pixar-is-imminent.html,https:,,www.nytimes.com,2006,01,24,business,media,disney-bid-for-pixar-is-imminent.html
https://www.nytimes.com/2008/07/05/business/media/05disney.html,https:,,www.nytimes.com,2008,07,05,business,media,05disney.html
https://laughlines.blogs.nytimes.com/2008/11/14/they-owe-disney/,https:,,laughlines.blogs.nytimes.com,2008,11,14,they-owe-disney,,
https://www.nytimes.com/2004/02/13/business/bidding-for-disney-the-overview-valuing-disney-what-is-a-mouse-worth.html,https:,,www.nytimes.com,2004,02,13,business,bidding-for-disney-the-overview-valuing-disney-what-is-a-mouse-worth.html,
https://mediadecoder.blogs.nytimes.com/2009/09/18/blogs/18mediadecoder-disney-c13305.html,https:,,mediadecoder.blogs.nytimes.com,2009,09,18,blogs,18mediadecoder-disney-c13305.html,
https://www.nytimes.com/1987/03/13/business/company-news-disney-in-europe.html,https:,,www.nytimes.com,1987,03,13,business,company-news-disney-in-europe.html,
https://gadgetwise.blogs.nytimes.com/2009/06/24/blogs/24gadgetwise-disney-g9753.html,https:,,gadgetwise.blogs.nytimes.com,2009,06,24,blogs,24gadgetwise-disney-g9753.html,
https://www.nytimes.com/1998/06/25/technology/news-watch-web-surf-with-disney.html,https:,,www.nytimes.com,1998,06,25,technology,news-watch-web-surf-with-disney.html,
https://dealbook.blogs.nytimes.com/2009/09/02/blogs/02dealbook-disneys-110015.html,https:,,dealbook.blogs.nytimes.com,2009,09,02,blogs,02dealbook-disneys-110015.html,
https://www.nytimes.com/1999/01/15/theater/family-fare-a-mermaid-not-for-disney.html,https:,,www.nytimes.com,1999,01,15,theater,family-fare-a-mermaid-not-for-disney.html,
https://www.nytimes.com/2004/10/14/arts/music/a-legacy-steeped-in-the-disney-sound.html,https:,,www.nytimes.com,2004,10,14,arts,music,a-legacy-steeped-in-the-disney-sound.html
https://www.nytimes.com/2012/08/19/arts/television/alex-hirsch-talks-about-gravity-falls.html,https:,,www.nytimes.com,2012,08,19,arts,television,alex-hirsch-talks-about-gravity-falls.html
https://www.nytimes.com/1988/10/13/business/company-news-ruling-for-disney.html,https:,,www.nytimes.com,1988,10,13,business,company-news-ruling-for-disney.html,
https://www.nytimes.com/2014/05/25/sports/baseball/disney-executive-intrigues-baseball.html,https:,,www.nytimes.com,2014,05,25,sports,baseball,disney-executive-intrigues-baseball.html
https://www.nytimes.com/2008/09/27/theater/27arts-MERMAIDPERFO_BRF.html,https:,,www.nytimes.com,2008,09,27,theater,27arts-MERMAIDPERFO_BRF.html,
https://www.nytimes.com/1995/09/03/travel/travel-advisory-tolls-on-the-road-to-disney.html,https:,,www.nytimes.com,1995,09,03,travel,travel-advisory-tolls-on-the-road-to-disney.html,
https://www.nytimes.com/1995/03/07/business/walt-disney.html,https:,,www.nytimes.com,1995,03,07,business,walt-disney.html,
https://www.nytimes.com/2008/09/27/theater/27arts-MERMAIDPERFO_BRF.html,https:,,www.nytimes.com,2008,09,27,theater,27arts-MERMAIDPERFO_BRF.html,
https://mediadecoder.blogs.nytimes.com/2011/12/11/for-disney-a-younger-princess/,https:,,mediadecoder.blogs.nytimes.com,2011,12,11,for-disney-a-younger-princess,,
https://www.nytimes.com/2001/07/01/sports/the-boating-report-transpac-is-amusing-to-disney.html,https:,,www.nytimes.com,2001,07,01,sports,the-boating-report-transpac-is-amusing-to-disney.html,
https://www.nytimes.com/1999/05/30/nyregion/long-island-vines-disney-north.html,https:,,www.nytimes.com,1999,05,30,nyregion,long-island-vines-disney-north.html,
https://www.nytimes.com/2020/01/09/business/media/tv-shows-2020.html,https:,,www.nytimes.com,2020,01,09,business,media,tv-shows-2020.html
https://www.nytimes.com/2008/01/29/arts/29arts-LONDONOPENIN_BRF.html,https:,,www.nytimes.com,2008,01,29,arts,29arts-LONDONOPENIN_BRF.html,
https://www.nytimes.com/2005/06/07/business/media/disney-trial-to-proceed.html,https:,,www.nytimes.com,2005,06,07,business,media,disney-trial-to-proceed.html
https://www.nytimes.com/1994/10/09/magazine/endpaper-disney-does-broadway.html,https:,,www.nytimes.com,1994,10,09,magazine,endpaper-disney-does-broadway.html,
https://www.nytimes.com/2015/02/13/business/disney-tackles-succession-this-time-without-drama.html,https:,,www.nytimes.com,2015,02,13,business,disney-tackles-succession-this-time-without-drama.html,
https://www.nytimes.com/1989/04/07/arts/an-apology-to-disney.html,https:,,www.nytimes.com,1989,04,07,arts,an-apology-to-disney.html,
https://www.nytimes.com/2004/05/28/travel/36-hours-mastering-disney-world.html,https:,,www.nytimes.com,2004,05,28,travel,36-hours-mastering-disney-world.html,
https://mediadecoder.blogs.nytimes.com/2011/03/20/a-glossy-take-on-disney/,https:,,mediadecoder.blogs.nytimes.com,2011,03,20,a-glossy-take-on-disney,,
https://www.nytimes.com/slideshow/2016/06/14/business/disney-in-the-middle-kingdom.html,https:,,www.nytimes.com,slideshow,2016,06,14,business,disney-in-the-middle-kingdom.html
https://tvdecoder.blogs.nytimes.com/2008/12/16/blogs/16tvdecoder-disney-c2645.html,https:,,tvdecoder.blogs.nytimes.com,2008,12,16,blogs,16tvdecoder-disney-c2645.html,
https://www.nytimes.com/2012/06/06/opinion/walt-disney-takes-on-obesity.html,https:,,www.nytimes.com,2012,06,06,opinion,walt-disney-takes-on-obesity.html,
https://www.nytimes.com/1990/04/08/magazine/disney-deco.html,https:,,www.nytimes.com,1990,04,08,magazine,disney-deco.html,
https://www.nytimes.com/2004/05/06/opinion/disney-s-craven-behavior.html,https:,,www.nytimes.com,2004,05,06,opinion,disney-s-craven-behavior.html,
https://www.nytimes.com/2011/11/07/business/media/disney-and-youtube-make-a-video-deal.html,https:,,www.nytimes.com,2011,11,07,business,media,disney-and-youtube-make-a-video-deal.html
https://intransit.blogs.nytimes.com/2012/12/21/your-disney-questions/,https:,,intransit.blogs.nytimes.com,2012,12,21,your-disney-questions,,
https://www.nytimes.com/2015/07/05/travel/a-disney-world-vacation-in-one-day.html,https:,,www.nytimes.com,2015,07,05,travel,a-disney-world-vacation-in-one-day.html,
https://www.nytimes.com/video/business/dealbook/100000004106019/analyst-downgrading-disney.html,https:,,www.nytimes.com,video,business,dealbook,100000004106019,analyst-downgrading-disney.html,
https://www.nytimes.com/2004/09/13/business/media/at-disney-mending-fences-or-moving-on.html,https:,,www.nytimes.com,2004,09,13,business,media,at-disney-mending-fences-or-moving-on.html
https://learning.blogs.nytimes.com/2012/04/23/more-like-disney/,https:,,learning.blogs.nytimes.com,2012,04,23,more-like-disney,,
https://www.nytimes.com/2008/04/10/arts/10arts-PIXARANIMATE_BRF.html,https:,,www.nytimes.com,2008,04,10,arts,10arts-PIXARANIMATE_BRF.html,
https://www.nytimes.com/2004/08/09/business/ruling-on-disney-records.html,https:,,www.nytimes.com,2004,08,09,business,ruling-on-disney-records.html,
https://www.nytimes.com/2003/06/08/tv/for-young-viewers-survivor-the-disney-version.html,https:,,www.nytimes.com,2003,06,08,tv,for-young-viewers-survivor-the-disney-version.html,
https://opinionator.blogs.nytimes.com/2007/05/10/disney-v-hamas/,https:,,opinionator.blogs.nytimes.com,2007,05,10,disney-v-hamas,,
https://www.nytimes.com/2013/12/13/movies/saving-mr-banks-with-tom-hanks-and-emma-thompson.html,https:,,www.nytimes.com,2013,12,13,movies,saving-mr-banks-with-tom-hanks-and-emma-thompson.html,
https://www.nytimes.com/2004/02/12/business/bidding-for-disney-the-overview-cable-giant-bids-to-take-over-disney.html,https:,,www.nytimes.com,2004,02,12,business,bidding-for-disney-the-overview-cable-giant-bids-to-take-over-disney.html,
https://www.nytimes.com/2005/09/22/business/verizon-and-disney-in-deal.html,https:,,www.nytimes.com,2005,09,22,business,verizon-and-disney-in-deal.html,
https://www.nytimes.com/video/movies/awardsseason/100000002722662/disneys-frozen-kingdom.html,https:,,www.nytimes.com,video,movies,awardsseason,100000002722662,disneys-frozen-kingdom.html,
https://www.nytimes.com/2005/09/22/business/verizon-and-disney-in-deal.html,https:,,www.nytimes.com,2005,09,22,business,verizon-and-disney-in-deal.html,
https://www.nytimes.com/2001/10/09/travel/hotel-discount-at-disney.html,https:,,www.nytimes.com,2001,10,09,travel,hotel-discount-at-disney.html,
https://www.nytimes.com/1995/03/13/business/the-media-business-turmoil-at-disney-the-sequel.html,https:,,www.nytimes.com,1995,03,13,business,the-media-business-turmoil-at-disney-the-sequel.html,
https://www.nytimes.com/1984/07/03/business/disney-gibson.html,https:,,www.nytimes.com,1984,07,03,business,disney-gibson.html,
https://www.nytimes.com/2004/02/10/business/disney-defends-chief.html,https:,,www.nytimes.com,2004,02,10,business,disney-defends-chief.html,
https://www.nytimes.com/1994/03/08/business/company-news-disney-in-land-deal.html,https:,,www.nytimes.com,1994,03,08,business,company-news-disney-in-land-deal.html,
https://www.nytimes.com/2013/10/27/us/gambling-debate-entangles-disney-in-florida.html,https:,,www.nytimes.com,2013,10,27,us,gambling-debate-entangles-disney-in-florida.html,
https://artsbeat.blogs.nytimes.com/2012/11/04/wreck-it-ralph-a-hit-for-disney/,https:,,artsbeat.blogs.nytimes.com,2012,11,04,wreck-it-ralph-a-hit-for-disney,,
https://artsbeat.blogs.nytimes.com/2015/02/01/disney-to-crown-elana-an-animated-latina-princess/,https:,,artsbeat.blogs.nytimes.com,2015,02,01,disney-to-crown-elana-an-animated-latina-princess,,
https://www.nytimes.com/1985/02/06/business/filing-by-disney.html,https:,,www.nytimes.com,1985,02,06,business,filing-by-disney.html,
https://www.nytimes.com/1991/11/18/business/the-media-business-disney-picks-a-publisher.html,https:,,www.nytimes.com,1991,11,18,business,the-media-business-disney-picks-a-publisher.html,
https://www.nytimes.com/1986/01/04/business/disney-change.html,https:,,www.nytimes.com,1986,01,04,business,disney-change.html,
https://www.nytimes.com/2010/06/02/business/media/02disney.html,https:,,www.nytimes.com,2010,06,02,business,media,02disney.html
https://www.nytimes.com/2009/08/31/arts/television/31arts-WIZARDSHELPD_BRF.html,https:,,www.nytimes.com,2009,08,31,arts,television,31arts-WIZARDSHELPD_BRF.html
https://json8.nytimes.com/slideshow/2014/03/04/movies/disney-posters-on-display.html,https:,,json8.nytimes.com,slideshow,2014,03,04,movies,disney-posters-on-display.html
https://www.nytimes.com/1984/04/12/business/disney-holdings.html,https:,,www.nytimes.com,1984,04,12,business,disney-holdings.html,
https://www.nytimes.com/1986/06/19/business/disney-and-france.html,https:,,www.nytimes.com,1986,06,19,business,disney-and-france.html,
https://www.nytimes.com/2017/12/07/business/lasseter-disney-pixar.html,https:,,www.nytimes.com,2017,12,07,business,lasseter-disney-pixar.html,
https://www.nytimes.com/1999/09/24/business/disney-promotes-executive.html,https:,,www.nytimes.com,1999,09,24,business,disney-promotes-executive.html,
https://www.nytimes.com/2005/07/26/business/disney-selects-new-chief-of-miramax.html,https:,,www.nytimes.com,2005,07,26,business,disney-selects-new-chief-of-miramax.html,
https://www.nytimes.com/2013/06/23/nyregion/the-disney-world-urbanism-of-a-ceo-candidate.html,https:,,www.nytimes.com,2013,06,23,nyregion,the-disney-world-urbanism-of-a-ceo-candidate.html,
https://www.nytimes.com/1991/05/17/business/company-news-disney-center-in-singapore.html,https:,,www.nytimes.com,1991,05,17,business,company-news-disney-center-in-singapore.html,
https://www.nytimes.com/1987/03/25/business/disney-in-france.html,https:,,www.nytimes.com,1987,03,25,business,disney-in-france.html,
https://www.nytimes.com/2004/02/12/business/bidding-for-disney-excerpts-from-comcast-letter-informing-disney-of-bid.html,https:,,www.nytimes.com,2004,02,12,business,bidding-for-disney-excerpts-from-comcast-letter-informing-disney-of-bid.html,
https://www.nytimes.com/2007/05/09/business/media/09disney.html,https:,,www.nytimes.com,2007,05,09,business,media,09disney.html
https://www.nytimes.com/2007/08/30/arts/30arts-DISNEYSMUSIC_BRF.html,https:,,www.nytimes.com,2007,08,30,arts,30arts-DISNEYSMUSIC_BRF.html,
https://www.nytimes.com/slideshow/2012/10/28/movies/wreck-it-ralph-slideshow.html,https:,,www.nytimes.com,slideshow,2012,10,28,movies,wreck-it-ralph-slideshow.html
https://www.nytimes.com/1986/02/20/business/disney-is-sued.html,https:,,www.nytimes.com,1986,02,20,business,disney-is-sued.html,
https://www.nytimes.com/1990/01/26/business/company-news-coke-disney-pact.html,https:,,www.nytimes.com,1990,01,26,business,company-news-coke-disney-pact.html,
https://www.nytimes.com/1995/02/28/business/doubleday-disney-accord.html,https:,,www.nytimes.com,1995,02,28,business,doubleday-disney-accord.html,
https://www.nytimes.com/2011/11/16/theater/disney-starts-small-for-newsies-the-musical.html,https:,,www.nytimes.com,2011,11,16,theater,disney-starts-small-for-newsies-the-musical.html,
https://www.nytimes.com/2008/05/07/business/media/07disney.html,https:,,www.nytimes.com,2008,05,07,business,media,07disney.html
https://www.nytimes.com/2012/01/09/business/media/the-downfall-of-m-t-carney-disneys-marketing-manager.html,https:,,www.nytimes.com,2012,01,09,business,media,the-downfall-of-m-t-carney-disneys-marketing-manager.html
https://www.nytimes.com/1984/04/04/business/disney-holding.html,https:,,www.nytimes.com,1984,04,04,business,disney-holding.html,
https://www.nytimes.com/1984/07/12/business/disney-letter.html,https:,,www.nytimes.com,1984,07,12,business,disney-letter.html,
https://www.nytimes.com/1984/08/21/business/reaction-on-disney.html,https:,,www.nytimes.com,1984,08,21,business,reaction-on-disney.html,
https://www.nytimes.com/2009/12/24/us/24brfs-DISNEYTHEMEP_BRF.html,https:,,www.nytimes.com,2009,12,24,us,24brfs-DISNEYTHEMEP_BRF.html,
https://www.nytimes.com/2010/10/04/business/media/04disney.html,https:,,www.nytimes.com,2010,10,04,business,media,04disney.html
https://www.nytimes.com/2006/10/17/business/media/disney-says-it-will-link-marketing-to-nutrition.html,https:,,www.nytimes.com,2006,10,17,business,media,disney-says-it-will-link-marketing-to-nutrition.html
https://www.nytimes.com/1998/09/10/business/a-disney-tie-in-with-sears.html,https:,,www.nytimes.com,1998,09,10,business,a-disney-tie-in-with-sears.html,
https://www.nytimes.com/2010/03/07/business/media/07abc.html,https:,,www.nytimes.com,2010,03,07,business,media,07abc.html
https://www.nytimes.com/2009/01/09/arts/09arts-DISNEYGETSRI_BRF.html,https:,,www.nytimes.com,2009,01,09,arts,09arts-DISNEYGETSRI_BRF.html,
https://www.nytimes.com/2005/03/26/business/media/disney-intends-to-overhaul-planning-unit.html,https:,,www.nytimes.com,2005,03,26,business,media,disney-intends-to-overhaul-planning-unit.html
https://www.nytimes.com/2013/03/05/world/asia/social-media-embrace-same-sex-wedding-at-tokyo-disneyland.html,https:,,www.nytimes.com,2013,03,05,world,asia,social-media-embrace-same-sex-wedding-at-tokyo-disneyland.html
https://www.nytimes.com/2007/11/13/business/media/13disney.html,https:,,www.nytimes.com,2007,11,13,business,media,13disney.html
https://www.nytimes.com/1989/05/13/business/company-news-disney-stock-soars.html,https:,,www.nytimes.com,1989,05,13,business,company-news-disney-stock-soars.html,
https://www.nytimes.com/2009/09/19/business/media/19disney.html,https:,,www.nytimes.com,2009,09,19,business,media,19disney.html
https://www.nytimes.com/1991/08/30/business/the-media-business-new-officer-at-disney.html,https:,,www.nytimes.com,1991,08,30,business,the-media-business-new-officer-at-disney.html,
https://www.nytimes.com/1984/11/03/business/cuts-at-disney.html,https:,,www.nytimes.com,1984,11,03,business,cuts-at-disney.html,
https://www.nytimes.com/2008/12/21/travel/21COMdisney.html,https:,,www.nytimes.com,2008,12,21,travel,21COMdisney.html,
https://www.nytimes.com/2005/02/14/business/media/disney-book-is-good-news-for-publishers.html,https:,,www.nytimes.com,2005,02,14,business,media,disney-book-is-good-news-for-publishers.html
https://www.nytimes.com/2010/07/31/business/media/31miramax.html,https:,,www.nytimes.com,2010,07,31,business,media,31miramax.html
https://www.nytimes.com/2017/07/03/travel/disney-world-adult-destinations.html,https:,,www.nytimes.com,2017,07,03,travel,disney-world-adult-destinations.html,
https://www.nytimes.com/2017/10/08/business/media/for-disney-chief-robert-iger-an-unlikely-political-turn.html,https:,,www.nytimes.com,2017,10,08,business,media,for-disney-chief-robert-iger-an-unlikely-political-turn.html
https://www.nytimes.com/1989/10/10/business/company-news-disney-stock-rise.html,https:,,www.nytimes.com,1989,10,10,business,company-news-disney-stock-rise.html,
https://www.nytimes.com/2007/11/04/movies/moviesspecial/04roch.html,https:,,www.nytimes.com,2007,11,04,movies,moviesspecial,04roch.html
https://www.nytimes.com/2009/12/24/business/media/24disney.html,https:,,www.nytimes.com,2009,12,24,business,media,24disney.html
https://www.nytimes.com/2004/02/20/business/the-media-business-a-showdown-approaches-in-the-battle-for-disney.html,https:,,www.nytimes.com,2004,02,20,business,the-media-business-a-showdown-approaches-in-the-battle-for-disney.html,
https://www.nytimes.com/2004/09/11/business/media/changing-guard-at-disney-means-finding-new-vision.html,https:,,www.nytimes.com,2004,09,11,business,media,changing-guard-at-disney-means-finding-new-vision.html
https://www.nytimes.com/2006/10/17/business/media/17disney.html,https:,,www.nytimes.com,2006,10,17,business,media,17disney.html
https://www.nytimes.com/2004/02/20/business/the-media-business-a-showdown-approaches-in-the-battle-for-disney.html,https:,,www.nytimes.com,2004,02,20,business,the-media-business-a-showdown-approaches-in-the-battle-for-disney.html,
https://www.nytimes.com/1996/08/25/weekinreview/disney-digs-into-the-bible.html,https:,,www.nytimes.com,1996,08,25,weekinreview,disney-digs-into-the-bible.html,
https://dealbook.blogs.nytimes.com/2009/09/01/blogs/01dealbook-does-dis108763.html,https:,,dealbook.blogs.nytimes.com,2009,09,01,blogs,01dealbook-does-dis108763.html,
https://www.nytimes.com/1987/11/19/business/company-news-sears-disney-in-venture.html,https:,,www.nytimes.com,1987,11,19,business,company-news-sears-disney-in-venture.html,
https://www.nytimes.com/1984/03/29/business/disney-credit.html,https:,,www.nytimes.com,1984,03,29,business,disney-credit.html,
https://www.nytimes.com/slideshow/2003/05/23/business/20030523_DISNEY_slideshow_index.html,https:,,www.nytimes.com,slideshow,2003,05,23,business,20030523_DISNEY_slideshow_index.html
https://www.nytimes.com/2005/07/09/business/media/disney-mends-rift-with-kin-of-founder.html,https:,,www.nytimes.com,2005,07,09,business,media,disney-mends-rift-with-kin-of-founder.html
https://www.nytimes.com/2003/04/24/business/media/disney-to-introduce-magazine-in-us.html,https:,,www.nytimes.com,2003,04,24,business,media,disney-to-introduce-magazine-in-us.html
https://artsbeat.blogs.nytimes.com/2013/09/19/bruckheimer-to-end-deal-with-disney/,https:,,artsbeat.blogs.nytimes.com,2013,09,19,bruckheimer-to-end-deal-with-disney,,
https://mediadecoder.blogs.nytimes.com/2011/10/27/disney-channel-to-be-introduced-in-russia/,https:,,mediadecoder.blogs.nytimes.com,2011,10,27,disney-channel-to-be-introduced-in-russia,,
https://www.nytimes.com/2013/12/04/business/media/walt-disneys-chicago-birthplace-to-become-a-private-museum.html,https:,,www.nytimes.com,2013,12,04,business,media,walt-disneys-chicago-birthplace-to-become-a-private-museum.html
https://www.nytimes.com/2015/09/27/arts/music/selena-gomez-tilts-the-disney-halo-with-revival.html,https:,,www.nytimes.com,2015,09,27,arts,music,selena-gomez-tilts-the-disney-halo-with-revival.html
https://www.nytimes.com/1999/10/11/arts/music-review-disney-millennium-symphonies.html,https:,,www.nytimes.com,1999,10,11,arts,music-review-disney-millennium-symphonies.html,
https://www.nytimes.com/2018/08/05/business/media/disney-streaming-service-ricky-strauss.html,https:,,www.nytimes.com,2018,08,05,business,media,disney-streaming-service-ricky-strauss.html
https://www.nytimes.com/2014/10/06/movies/a-disney-discovery-in-forgotten-sketches.html,https:,,www.nytimes.com,2014,10,06,movies,a-disney-discovery-in-forgotten-sketches.html,
https://www.nytimes.com/video/business/100000004021569/disney-really-bullish-about-tv.html,https:,,www.nytimes.com,video,business,100000004021569,disney-really-bullish-about-tv.html,,
https://www.nytimes.com/1987/07/28/business/company-news-new-disney-ride.html,https:,,www.nytimes.com,1987,07,28,business,company-news-new-disney-ride.html,
https://www.nytimes.com/1991/05/09/business/disney-plan-for-expansion.html,https:,,www.nytimes.com,1991,05,09,business,disney-plan-for-expansion.html,
https://intransit.blogs.nytimes.com/2009/10/15/blogs/15intransit-two-and-7863.html,https:,,intransit.blogs.nytimes.com,2009,10,15,blogs,15intransit-two-and-7863.html,
https://www.nytimes.com/1994/07/18/business/pressure-growing-at-disney.html,https:,,www.nytimes.com,1994,07,18,business,pressure-growing-at-disney.html,
https://intransit.blogs.nytimes.com/2009/10/15/blogs/15intransit-two-and-7863.html,https:,,intransit.blogs.nytimes.com,2009,10,15,blogs,15intransit-two-and-7863.html,
https://bats.blogs.nytimes.com/2009/03/28/bullpen-audition-at-disney/,https:,,bats.blogs.nytimes.com,2009,03,28,bullpen-audition-at-disney,,
https://mediadecoder.blogs.nytimes.com/2009/11/24/a-new-president-at-disney-channels/,https:,,mediadecoder.blogs.nytimes.com,2009,11,24,a-new-president-at-disney-channels,,
https://www.nytimes.com/2007/04/05/business/media/05film.html,https:,,www.nytimes.com,2007,04,05,business,media,05film.html
https://www.nytimes.com/2018/09/14/arts/design/refik-anadol-la-philharmonic-disney-hall.html,https:,,www.nytimes.com,2018,09,14,arts,design,refik-anadol-la-philharmonic-disney-hall.html
https://intransit.blogs.nytimes.com/2013/01/29/your-disney-questions-answered/,https:,,intransit.blogs.nytimes.com,2013,01,29,your-disney-questions-answered,,
https://www.nytimes.com/2013/08/12/business/media/disney-fans-get-a-sneak-peek-at-coming-films.html,https:,,www.nytimes.com,2013,08,12,business,media,disney-fans-get-a-sneak-peek-at-coming-films.html
https://www.nytimes.com/1991/08/04/travel/travel-advisory-disney-plan-for-children.html,https:,,www.nytimes.com,1991,08,04,travel,travel-advisory-disney-plan-for-children.html,
https://www.nytimes.com/1990/09/01/business/disney-sues-an-executive.html,https:,,www.nytimes.com,1990,09,01,business,disney-sues-an-executive.html,
https://www.nytimes.com/2005/08/09/business/media/disney-ruling-is-expected.html,https:,,www.nytimes.com,2005,08,09,business,media,disney-ruling-is-expected.html
https://www.nytimes.com/1991/08/04/travel/travel-advisory-disney-plan-for-children.html,https:,,www.nytimes.com,1991,08,04,travel,travel-advisory-disney-plan-for-children.html,
https://www.nytimes.com/1990/04/29/magazine/letters-disney-deco.html,https:,,www.nytimes.com,1990,04,29,magazine,letters-disney-deco.html,
https://www.nytimes.com/2013/07/30/business/media/weinstein-and-disney-together-again.html,https:,,www.nytimes.com,2013,07,30,business,media,weinstein-and-disney-together-again.html
https://www.nytimes.com/2015/11/06/business/media/disney-china-trademark.html,https:,,www.nytimes.com,2015,11,06,business,media,disney-china-trademark.html
https://mediadecoder.blogs.nytimes.com/2011/11/27/disney-releases-marvel-app/,https:,,mediadecoder.blogs.nytimes.com,2011,11,27,disney-releases-marvel-app,,
https://www.nytimes.com/1998/01/08/business/the-media-business-disney-policy-on-directors-is-criticized.html,https:,,www.nytimes.com,1998,01,08,business,the-media-business-disney-policy-on-directors-is-criticized.html,
https://mediadecoder.blogs.nytimes.com/2010/09/24/disneys-internet-chief-resigns/,https:,,mediadecoder.blogs.nytimes.com,2010,09,24,disneys-internet-chief-resigns,,
https://www.nytimes.com/2005/02/10/business/media/eisner-said-to-be-open-to-staying-at-disney.html,https:,,www.nytimes.com,2005,02,10,business,media,eisner-said-to-be-open-to-staying-at-disney.html
https://artsbeat.blogs.nytimes.com/2009/02/06/dreamworks-in-talks-to-move-to-disney/,https:,,artsbeat.blogs.nytimes.com,2009,02,06,dreamworks-in-talks-to-move-to-disney,,
https://dealbook.nytimes.com/2006/11/30/a-swiss-mystery-at-euro-disney/,https:,,dealbook.nytimes.com,2006,11,30,a-swiss-mystery-at-euro-disney,,
https://artsbeat.blogs.nytimes.com/2009/02/06/dreamworks-in-talks-to-move-to-disney/,https:,,artsbeat.blogs.nytimes.com,2009,02,06,dreamworks-in-talks-to-move-to-disney,,
https://www.nytimes.com/1994/06/19/opinion/rebelling-against-disney.html,https:,,www.nytimes.com,1994,06,19,opinion,rebelling-against-disney.html,
https://www.nytimes.com/2018/03/23/books/disney-european-comics-fantagraphics.html,https:,,www.nytimes.com,2018,03,23,books,disney-european-comics-fantagraphics.html,
https://www.nytimes.com/1994/04/05/business/a-shock-for-disney-but-no-turmoil.html,https:,,www.nytimes.com,1994,04,05,business,a-shock-for-disney-but-no-turmoil.html,
https://www.nytimes.com/video/business/100000003837637/disneys-iger-bullish-on-espn.html,https:,,www.nytimes.com,video,business,100000003837637,disneys-iger-bullish-on-espn.html,,
https://www.nytimes.com/1994/04/17/theater/theater-is-disney-the-newest-broadway-baby.html,https:,,www.nytimes.com,1994,04,17,theater,theater-is-disney-the-newest-broadway-baby.html,
https://www.nytimes.com/2004/02/25/business/the-media-business-questions-on-overture-dog-disney.html,https:,,www.nytimes.com,2004,02,25,business,the-media-business-questions-on-overture-dog-disney.html,
https://www.nytimes.com/1995/05/13/opinion/disney-on-42d-street.html,https:,,www.nytimes.com,1995,05,13,opinion,disney-on-42d-street.html,
https://www.nytimes.com/1995/08/05/opinion/journal-the-disney-trap.html,https:,,www.nytimes.com,1995,08,05,opinion,journal-the-disney-trap.html,
https://www.nytimes.com/video/business/100000003837637/disneys-iger-bullish-on-espn.html,https:,,www.nytimes.com,video,business,100000003837637,disneys-iger-bullish-on-espn.html,,
https://www.nytimes.com/2012/04/26/business/media/at-disney-a-splintering-of-power-makes-it-tough-to-find-a-chief.html,https:,,www.nytimes.com,2012,04,26,business,media,at-disney-a-splintering-of-power-makes-it-tough-to-find-a-chief.html
https://www.nytimes.com/2004/02/25/business/the-media-business-questions-on-overture-dog-disney.html,https:,,www.nytimes.com,2004,02,25,business,the-media-business-questions-on-overture-dog-disney.html,
https://www.nytimes.com/2009/11/09/movies/09arts-ASOFTNO1FORD_BRF.html,https:,,www.nytimes.com,2009,11,09,movies,09arts-ASOFTNO1FORD_BRF.html,
https://www.nytimes.com/2006/01/26/opinion/change-from-within-at-disney.html,https:,,www.nytimes.com,2006,01,26,opinion,change-from-within-at-disney.html,
https://www.nytimes.com/2005/04/25/business/worldbusiness/disney-bows-to-feng-shui.html,https:,,www.nytimes.com,2005,04,25,business,worldbusiness,disney-bows-to-feng-shui.html
https://www.nytimes.com/1989/06/06/business/a-disney-office-crown.html,https:,,www.nytimes.com,1989,06,06,business,a-disney-office-crown.html,
https://www.nytimes.com/2012/10/22/business/media/disney-struggling-to-find-its-digital-footing-overhauls-disneycom.html,https:,,www.nytimes.com,2012,10,22,business,media,disney-struggling-to-find-its-digital-footing-overhauls-disneycom.html
https://www.nytimes.com/2016/07/11/business/media/a-new-disney-princesa-carries-responsibilities-beyond-her-kingdom.html,https:,,www.nytimes.com,2016,07,11,business,media,a-new-disney-princesa-carries-responsibilities-beyond-her-kingdom.html
https://dealbook.nytimes.com/2008/02/19/reviewing-disneys-pixar-gamble/,https:,,dealbook.nytimes.com,2008,02,19,reviewing-disneys-pixar-gamble,,
https://www.nytimes.com/2001/12/31/business/media-entertainment-a-tough-year-for-disney-s-chief.html,https:,,www.nytimes.com,2001,12,31,business,media-entertainment-a-tough-year-for-disney-s-chief.html,
https://www.nytimes.com/2002/12/06/business/disney-details-affiliations-of-directors.html,https:,,www.nytimes.com,2002,12,06,business,disney-details-affiliations-of-directors.html,
https://dealbook.nytimes.com/2008/02/19/reviewing-disneys-pixar-gamble/,https:,,dealbook.nytimes.com,2008,02,19,reviewing-disneys-pixar-gamble,,
https://www.nytimes.com/2008/03/21/arts/21arts-DISNEYPLANSS_BRF.html,https:,,www.nytimes.com,2008,03,21,arts,21arts-DISNEYPLANSS_BRF.html,
https://www.nytimes.com/2014/06/26/business/media/disney-shunning-youtube-template.html,https:,,www.nytimes.com,2014,06,26,business,media,disney-shunning-youtube-template.html
https://mediadecoder.blogs.nytimes.com/2009/10/05/blogs/05mediadecoder-rich-ros14889.html,https:,,mediadecoder.blogs.nytimes.com,2009,10,05,blogs,05mediadecoder-rich-ros14889.html,
https://www.nytimes.com/video/business/media/100000004581506/disney-bets-on-streaming-baseball.html,https:,,www.nytimes.com,video,business,media,100000004581506,disney-bets-on-streaming-baseball.html,
https://www.nytimes.com/2009/02/22/travel/22pracdisney.html,https:,,www.nytimes.com,2009,02,22,travel,22pracdisney.html,
https://www.nytimes.com/2002/10/04/movies/home-video-disney-and-dvd-hit-a-milestone.html,https:,,www.nytimes.com,2002,10,04,movies,home-video-disney-and-dvd-hit-a-milestone.html,
https://artsbeat.blogs.nytimes.com/2008/12/24/disney-no-longer-a-friend-of-narnia/,https:,,artsbeat.blogs.nytimes.com,2008,12,24,disney-no-longer-a-friend-of-narnia,,
https://www.nytimes.com/1988/03/30/business/company-news-disney-buys-stake.html,https:,,www.nytimes.com,1988,03,30,business,company-news-disney-buys-stake.html,
https://www.nytimes.com/2019/11/12/movies/disney-plus-launch.html,https:,,www.nytimes.com,2019,11,12,movies,disney-plus-launch.html,
https://mediadecoder.blogs.nytimes.com/2009/10/05/blogs/05mediadecoder-rich-ros14889.html,https:,,mediadecoder.blogs.nytimes.com,2009,10,05,blogs,05mediadecoder-rich-ros14889.html,
https://www.nytimes.com/2004/02/15/business/the-wonderful-world-of-roy-disney.html,https:,,www.nytimes.com,2004,02,15,business,the-wonderful-world-of-roy-disney.html,
https://www.nytimes.com/2003/10/11/business/musical-chairs-in-disney-suit.html,https:,,www.nytimes.com,2003,10,11,business,musical-chairs-in-disney-suit.html,
https://www.nytimes.com/2009/02/10/technology/10iht-disney.1.20070342.html,https:,,www.nytimes.com,2009,02,10,technology,10iht-disney.1.20070342.html,
https://www.nytimes.com/1989/08/21/business/lorimar-and-disney-suits.html,https:,,www.nytimes.com,1989,08,21,business,lorimar-and-disney-suits.html,
https://www.nytimes.com/2008/02/10/business/media/10ride.html,https:,,www.nytimes.com,2008,02,10,business,media,10ride.html
https://www.nytimes.com/1987/08/29/business/bonanza-at-the-top-of-disney.html,https:,,www.nytimes.com,1987,08,29,business,bonanza-at-the-top-of-disney.html,
https://mediadecoder.blogs.nytimes.com/2010/10/18/disney-to-go-it-alone-with-superheroes/,https:,,mediadecoder.blogs.nytimes.com,2010,10,18,disney-to-go-it-alone-with-superheroes,,
https://dealbook.nytimes.com/2006/05/09/steve-jobs-settles-in-at-disney/,https:,,dealbook.nytimes.com,2006,05,09,steve-jobs-settles-in-at-disney,,
https://mediadecoder.blogs.nytimes.com/2010/10/18/disney-to-go-it-alone-with-superheroes/,https:,,mediadecoder.blogs.nytimes.com,2010,10,18,disney-to-go-it-alone-with-superheroes,,
https://intransit.blogs.nytimes.com/2009/10/01/blogs/01intransit-disney-f7309.html,https:,,intransit.blogs.nytimes.com,2009,10,01,blogs,01intransit-disney-f7309.html,
https://intransit.blogs.nytimes.com/2009/10/01/disney-for-free-any-volunteers/,https:,,intransit.blogs.nytimes.com,2009,10,01,disney-for-free-any-volunteers,,
https://www.nytimes.com/2005/06/13/business/worldbusiness/disneys-world-seeks-ubiquity.html,https:,,www.nytimes.com,2005,06,13,business,worldbusiness,disneys-world-seeks-ubiquity.html
https://www.nytimes.com/2003/08/11/business/media-disney-and-bruckheimer-close-to-a-new-pact.html,https:,,www.nytimes.com,2003,08,11,business,media-disney-and-bruckheimer-close-to-a-new-pact.html,
https://dealbook.nytimes.com/2008/06/02/disney-and-pixar-the-power-of-the-prenup/,https:,,dealbook.nytimes.com,2008,06,02,disney-and-pixar-the-power-of-the-prenup,,
https://green.blogs.nytimes.com/2009/11/03/disney-invests-4-million-to-save-forests/,https:,,green.blogs.nytimes.com,2009,11,03,disney-invests-4-million-to-save-forests,,
https://www.nytimes.com/1991/03/21/business/disney-profit-outlook.html,https:,,www.nytimes.com,1991,03,21,business,disney-profit-outlook.html,
https://www.nytimes.com/2005/06/14/business/worldbusiness/in-europe-disney-will-keep-outlets.html,https:,,www.nytimes.com,2005,06,14,business,worldbusiness,in-europe-disney-will-keep-outlets.html
https://www.nytimes.com/2005/02/22/business/media/hollywood-ending-for-weinsteins-and-disney.html,https:,,www.nytimes.com,2005,02,22,business,media,hollywood-ending-for-weinsteins-and-disney.html
https://www.nytimes.com/1989/12/17/us/disney-memorabilia-burns.html,https:,,www.nytimes.com,1989,12,17,us,disney-memorabilia-burns.html,
https://www.nytimes.com/1994/04/28/business/the-media-business-walt-disney-reinventing-itself.html,https:,,www.nytimes.com,1994,04,28,business,the-media-business-walt-disney-reinventing-itself.html,
https://www.nytimes.com/2004/10/21/business/disney-directors-on-trial-for-a-payout.html,https:,,www.nytimes.com,2004,10,21,business,disney-directors-on-trial-for-a-payout.html,
https://www.nytimes.com/2006/05/10/business/media/abc-and-parks-bolster-disney.html,https:,,www.nytimes.com,2006,05,10,business,media,abc-and-parks-bolster-disney.html
https://www.nytimes.com/2006/05/10/business/media/10disney.html,https:,,www.nytimes.com,2006,05,10,business,media,10disney.html
https://www.nytimes.com/1993/12/23/business/company-news-euro-disney-in-danger-of-shutdown.html,https:,,www.nytimes.com,1993,12,23,business,company-news-euro-disney-in-danger-of-shutdown.html,
https://www.nytimes.com/1984/05/24/business/disney-stock-volume-leap-walt-disney-productions-inc.html,https:,,www.nytimes.com,1984,05,24,business,disney-stock-volume-leap-walt-disney-productions-inc.html,
https://www.nytimes.com/1994/07/25/opinion/disney-is-an-easy-target.html,https:,,www.nytimes.com,1994,07,25,opinion,disney-is-an-easy-target.html,
https://www.nytimes.com/video/business/100000005005600/james-stewart-on-disneys-ceo.html,https:,,www.nytimes.com,video,business,100000005005600,james-stewart-on-disneys-ceo.html,,
https://www.nytimes.com/video/business/100000004474860/visitors-pour-into-shanghai-disney.html,https:,,www.nytimes.com,video,business,100000004474860,visitors-pour-into-shanghai-disney.html,,
https://www.nytimes.com/2008/06/01/business/media/01pixar.html,https:,,www.nytimes.com,2008,06,01,business,media,01pixar.html
https://www.nytimes.com/1994/06/24/business/company-news-disney-licenses-characters-for-multimedia.html,https:,,www.nytimes.com,1994,06,24,business,company-news-disney-licenses-characters-for-multimedia.html,
https://www.nytimes.com/1995/08/27/travel/disney-s-tokyo-kingdom.html,https:,,www.nytimes.com,1995,08,27,travel,disney-s-tokyo-kingdom.html,
https://www.nytimes.com/2019/11/07/business/disney-stock-earnings.html,https:,,www.nytimes.com,2019,11,07,business,disney-stock-earnings.html,
https://www.nytimes.com/2003/04/26/sports/plus-fencing-westbrook-is-focus-of-a-disney-movie.html,https:,,www.nytimes.com,2003,04,26,sports,plus-fencing-westbrook-is-focus-of-a-disney-movie.html,
https://www.nytimes.com/2016/04/08/business/media/behind-the-scenes-at-disney-as-it-purged-a-favorite-son.html,https:,,www.nytimes.com,2016,04,08,business,media,behind-the-scenes-at-disney-as-it-purged-a-favorite-son.html
https://www.nytimes.com/1998/05/21/business/the-media-business-disney-appoints-two-executives.html,https:,,www.nytimes.com,1998,05,21,business,the-media-business-disney-appoints-two-executives.html,
https://www.nytimes.com/2015/10/12/business/media/disney-reboots-star-wars-video-games.html,https:,,www.nytimes.com,2015,10,12,business,media,disney-reboots-star-wars-video-games.html
https://www.nytimes.com/1993/07/30/business/company-reports-disney-walt-co-n.html,https:,,www.nytimes.com,1993,07,30,business,company-reports-disney-walt-co-n.html,
https://www.nytimes.com/2004/09/11/business/media/disney-chief-to-leave-setting-off-race-for-job.html,https:,,www.nytimes.com,2004,09,11,business,media,disney-chief-to-leave-setting-off-race-for-job.html
https://www.nytimes.com/1993/07/30/business/company-reports-disney-walt-co-n.html,https:,,www.nytimes.com,1993,07,30,business,company-reports-disney-walt-co-n.html,
https://mediadecoder.blogs.nytimes.com/2009/09/18/disney-chairman-resigns/,https:,,mediadecoder.blogs.nytimes.com,2009,09,18,disney-chairman-resigns,,
https://www.nytimes.com/2016/05/11/business/media/disney-earnings.html,https:,,www.nytimes.com,2016,05,11,business,media,disney-earnings.html
https://www.nytimes.com/2007/08/15/arts/television/15musi.html,https:,,www.nytimes.com,2007,08,15,arts,television,15musi.html
https://www.nytimes.com/2017/05/09/business/media/disney-earnings-espn.html,https:,,www.nytimes.com,2017,05,09,business,media,disney-earnings-espn.html
https://www.nytimes.com/2014/10/11/business/media/guardians-of-the-galaxy-tv-show-is-latest-hope-for-disney-xd-channel.html,https:,,www.nytimes.com,2014,10,11,business,media,guardians-of-the-galaxy-tv-show-is-latest-hope-for-disney-xd-channel.html
https://www.nytimes.com/2009/02/09/technology/09iht-10disney.20050294.html,https:,,www.nytimes.com,2009,02,09,technology,09iht-10disney.20050294.html,
https://www.nytimes.com/1999/11/11/business/disney-changes-video-releases.html,https:,,www.nytimes.com,1999,11,11,business,disney-changes-video-releases.html,
https://www.nytimes.com/1991/05/01/business/company-news-disney-and-henson-in-muppet-settlement.html,https:,,www.nytimes.com,1991,05,01,business,company-news-disney-and-henson-in-muppet-settlement.html,
https://www.nytimes.com/2003/04/04/business/company-news-disney-executive-to-be-chief-of-herbalife.html,https:,,www.nytimes.com,2003,04,04,business,company-news-disney-executive-to-be-chief-of-herbalife.html,
https://www.nytimes.com/1992/09/07/business/the-media-business-euro-disney-to-hurt-profit.html,https:,,www.nytimes.com,1992,09,07,business,the-media-business-euro-disney-to-hurt-profit.html,
https://www.nytimes.com/video/business/1194817107508/disney-takes-pirates-online.html,https:,,www.nytimes.com,video,business,1194817107508,disney-takes-pirates-online.html,,
https://www.nytimes.com/2016/04/05/business/media/thomas-staggs-walt-disney-company.html,https:,,www.nytimes.com,2016,04,05,business,media,thomas-staggs-walt-disney-company.html
https://mediadecoder.blogs.nytimes.com/2012/11/08/espn-as-usual-spurs-quarterly-growth-at-disney/,https:,,mediadecoder.blogs.nytimes.com,2012,11,08,espn-as-usual-spurs-quarterly-growth-at-disney,,
https://www.nytimes.com/2001/04/06/travel/disney-cruise-line.html,https:,,www.nytimes.com,2001,04,06,travel,disney-cruise-line.html,
https://www.nytimes.com/interactive/2020/arts/television/disney-plus-shows-movies.html,https:,,www.nytimes.com,interactive,2020,arts,television,disney-plus-shows-movies.html,
https://www.nytimes.com/1984/06/15/business/inquiry-on-disney-trading.html,https:,,www.nytimes.com,1984,06,15,business,inquiry-on-disney-trading.html,
https://www.nytimes.com/1998/10/08/business/suit-dismissed-against-disney.html,https:,,www.nytimes.com,1998,10,08,business,suit-dismissed-against-disney.html,
https://www.nytimes.com/2013/10/28/business/media/disney-show-will-appear-first-on-app-for-tablets.html,https:,,www.nytimes.com,2013,10,28,business,media,disney-show-will-appear-first-on-app-for-tablets.html
https://www.nytimes.com/2003/04/16/sports/baseball-disney-reaches-a-deal-for-the-sale-of-the-angels.html,https:,,www.nytimes.com,2003,04,16,sports,baseball-disney-reaches-a-deal-for-the-sale-of-the-angels.html,
https://www.nytimes.com/1998/01/28/arts/tv-notes-disney-and-who.html,https:,,www.nytimes.com,1998,01,28,arts,tv-notes-disney-and-who.html,
https://www.nytimes.com/1989/12/27/business/disney-comic-venture-set.html,https:,,www.nytimes.com,1989,12,27,business,disney-comic-venture-set.html,
https://www.nytimes.com/video/business/1194817096434/disney-posts-higher-earnings.html,https:,,www.nytimes.com,video,business,1194817096434,disney-posts-higher-earnings.html,,
https://www.nytimes.com/2017/12/14/business/media/disney-fox-espn-tv.html,https:,,www.nytimes.com,2017,12,14,business,media,disney-fox-espn-tv.html
https://www.nytimes.com/1999/09/01/sports/baseball-disney-reportedly-selling-two-teams.html,https:,,www.nytimes.com,1999,09,01,sports,baseball-disney-reportedly-selling-two-teams.html,
https://www.nytimes.com/1989/11/03/business/new-disney-attraction.html,https:,,www.nytimes.com,1989,11,03,business,new-disney-attraction.html,
https://www.nytimes.com/slideshow/2008/11/05/fashion/20081106-DISNEY_index.html,https:,,www.nytimes.com,slideshow,2008,11,05,fashion,20081106-DISNEY_index.html
https://www.nytimes.com/2004/04/18/business/news-and-analysis-dealbook-disney-s-lawyer-mouseketeer-s-friend.html,https:,,www.nytimes.com,2004,04,18,business,news-and-analysis-dealbook-disney-s-lawyer-mouseketeer-s-friend.html,
https://www.nytimes.com/2004/12/12/travel/advisory-travel-notes-disney-expands-ticket-choices.html,https:,,www.nytimes.com,2004,12,12,travel,advisory-travel-notes-disney-expands-ticket-choices.html,
https://www.nytimes.com/1994/01/26/business/company-reports-disney-walt-co-n.html,https:,,www.nytimes.com,1994,01,26,business,company-reports-disney-walt-co-n.html,
https://www.nytimes.com/1998/07/11/opinion/journal-tina-and-disney-elope.html,https:,,www.nytimes.com,1998,07,11,opinion,journal-tina-and-disney-elope.html,
https://www.nytimes.com/1986/11/22/business/disney-s-mouse-of-marketing.html,https:,,www.nytimes.com,1986,11,22,business,disney-s-mouse-of-marketing.html,
https://www.nytimes.com/video/business/1247464881372/disney-demonstrates-e-reader.html,https:,,www.nytimes.com,video,business,1247464881372,disney-demonstrates-e-reader.html,,
https://www.nytimes.com/2004/02/17/business/disney-rejects-comcast-offer.html,https:,,www.nytimes.com,2004,02,17,business,disney-rejects-comcast-offer.html,
https://www.nytimes.com/2009/11/04/business/global/04disney.html,https:,,www.nytimes.com,2009,11,04,business,global,04disney.html
https://www.nytimes.com/2004/05/28/travel/journeys-36-hours-walt-disney-world.html,https:,,www.nytimes.com,2004,05,28,travel,journeys-36-hours-walt-disney-world.html,
https://www.nytimes.com/video/business/media/1247464896499/demo-disney-digital-books.html,https:,,www.nytimes.com,video,business,media,1247464896499,demo-disney-digital-books.html,
https://www.nytimes.com/2015/06/02/business/media/disneys-top-financial-officer-to-step-down.html,https:,,www.nytimes.com,2015,06,02,business,media,disneys-top-financial-officer-to-step-down.html
https://gadgetwise.blogs.nytimes.com/2009/10/29/blogs/29gadgetwise-a-new-di19073.html,https:,,gadgetwise.blogs.nytimes.com,2009,10,29,blogs,29gadgetwise-a-new-di19073.html,
https://www.nytimes.com/2018/07/09/nyregion/disney-move-upper-west-side-hudson-square.html,https:,,www.nytimes.com,2018,07,09,nyregion,disney-move-upper-west-side-hudson-square.html,
https://www.nytimes.com/1997/02/08/business/executive-quits-at-euro-disney.html,https:,,www.nytimes.com,1997,02,08,business,executive-quits-at-euro-disney.html,
https://www.nytimes.com/2015/06/02/business/media/disneys-top-financial-officer-to-step-down.html,https:,,www.nytimes.com,2015,06,02,business,media,disneys-top-financial-officer-to-step-down.html
https://www.nytimes.com/1993/07/14/opinion/it-s-racist-but-hey-it-s-disney.html,https:,,www.nytimes.com,1993,07,14,opinion,it-s-racist-but-hey-it-s-disney.html,
https://www.nytimes.com/2016/08/05/theater/disney-dismisses-alex-timbers-as-director-of-frozen-musical.html,https:,,www.nytimes.com,2016,08,05,theater,disney-dismisses-alex-timbers-as-director-of-frozen-musical.html,
https://www.nytimes.com/1994/01/29/business/euro-disney-reserve-fund.html,https:,,www.nytimes.com,1994,01,29,business,euro-disney-reserve-fund.html,
https://www.nytimes.com/2012/08/22/opinion/in-the-shadows-of-the-high-line.html,https:,,www.nytimes.com,2012,08,22,opinion,in-the-shadows-of-the-high-line.html,
https://www.nytimes.com/1989/08/04/business/company-news-disney-stock-up-on-rumors.html,https:,,www.nytimes.com,1989,08,04,business,company-news-disney-stock-up-on-rumors.html,
https://www.nytimes.com/2009/02/10/business/worldbusiness/10iht-10disney.20063108.html,https:,,www.nytimes.com,2009,02,10,business,worldbusiness,10iht-10disney.20063108.html
https://www.nytimes.com/2004/12/14/business/company-news-disney-uncertain-of-whats-in-miramaxs-future.html,https:,,www.nytimes.com,2004,12,14,business,company-news-disney-uncertain-of-whats-in-miramaxs-future.html,
https://www.nytimes.com/2004/12/14/business/company-news-disney-uncertain-of-whats-in-miramaxs-future.html,https:,,www.nytimes.com,2004,12,14,business,company-news-disney-uncertain-of-whats-in-miramaxs-future.html,
https://www.nytimes.com/2012/04/19/theater/reviews/pinocchios-ashes-at-theater-for-the-new-city.html,https:,,www.nytimes.com,2012,04,19,theater,reviews,pinocchios-ashes-at-theater-for-the-new-city.html
https://www.nytimes.com/2005/08/22/automobiles/in-disneys-world-a-perfect-freeway.html,https:,,www.nytimes.com,2005,08,22,automobiles,in-disneys-world-a-perfect-freeway.html,
https://www.nytimes.com/1991/07/26/business/the-media-business-profits-down-30.6-at-disney.html,https:,,www.nytimes.com,1991,07,26,business,the-media-business-profits-down-30.6-at-disney.html,
https://www.nytimes.com/1984/06/12/business/highlights-of-struggle-for-disney.html,https:,,www.nytimes.com,1984,06,12,business,highlights-of-struggle-for-disney.html,
https://www.nytimes.com/2005/06/25/theater/newsandfeatures/for-disney-all-the-sea-is-a-stage.html,https:,,www.nytimes.com,2005,06,25,theater,newsandfeatures,for-disney-all-the-sea-is-a-stage.html
https://www.nytimes.com/1983/09/25/business/the-troubled-world-of-disney.html,https:,,www.nytimes.com,1983,09,25,business,the-troubled-world-of-disney.html,
https://www.nytimes.com/video/t-magazine/100000003806909/the-neverlanders-a-disney-social-club.html,https:,,www.nytimes.com,video,t-magazine,100000003806909,the-neverlanders-a-disney-social-club.html,,
https://www.nytimes.com/2019/06/25/style/next-stop-fashion-disney.html,https:,,www.nytimes.com,2019,06,25,style,next-stop-fashion-disney.html,
https://mediadecoder.blogs.nytimes.com/2013/01/15/new-video-game-features-disney-and-pixar-mash-ups/,https:,,mediadecoder.blogs.nytimes.com,2013,01,15,new-video-game-features-disney-and-pixar-mash-ups,,
https://www.nytimes.com/2004/09/06/business/media/summer-hit-disney-vs-the-weinsteins.html,https:,,www.nytimes.com,2004,09,06,business,media,summer-hit-disney-vs-the-weinsteins.html
https://www.nytimes.com/2002/06/18/business/technology-disney-shifting-to-linux-for-film-animation.html,https:,,www.nytimes.com,2002,06,18,business,technology-disney-shifting-to-linux-for-film-animation.html,
https://www.nytimes.com/1997/09/27/style/IHT-disney-conquers-another-worlddesign.html,https:,,www.nytimes.com,1997,09,27,style,IHT-disney-conquers-another-worlddesign.html,
https://www.nytimes.com/1990/01/16/business/company-news-disney-outlines-plans-for-florida.html,https:,,www.nytimes.com,1990,01,16,business,company-news-disney-outlines-plans-for-florida.html,
https://www.nytimes.com/2008/06/27/travel/escapes/27disney.html,https:,,www.nytimes.com,2008,06,27,travel,escapes,27disney.html
https://www.nytimes.com/1995/08/14/business/games-with-another-disney-at-controls.html,https:,,www.nytimes.com,1995,08,14,business,games-with-another-disney-at-controls.html,
https://www.nytimes.com/2017/08/08/business/media/disney-streaming-service.html,https:,,www.nytimes.com,2017,08,08,business,media,disney-streaming-service.html
https://www.nytimes.com/video/business/1194817091887/bob-iger-on-disney-earnings.html,https:,,www.nytimes.com,video,business,1194817091887,bob-iger-on-disney-earnings.html,,
https://www.nytimes.com/2006/11/10/business/media/profit-doubles-at-disney-aided-by-abc-and-movies.html,https:,,www.nytimes.com,2006,11,10,business,media,profit-doubles-at-disney-aided-by-abc-and-movies.html
https://www.nytimes.com/2010/07/27/business/media/27miramax.html,https:,,www.nytimes.com,2010,07,27,business,media,27miramax.html
https://www.nytimes.com/2008/12/25/movies/25arts-DISNEYLOSESI_BRF.html,https:,,www.nytimes.com,2008,12,25,movies,25arts-DISNEYLOSESI_BRF.html,
https://www.nytimes.com/video/multimedia/1247463629556/disney-s-ad-tracking-techniques.html,https:,,www.nytimes.com,video,multimedia,1247463629556,disney-s-ad-tracking-techniques.html,,
https://www.nytimes.com/2010/02/10/business/media/10disney.html,https:,,www.nytimes.com,2010,02,10,business,media,10disney.html
https://www.nytimes.com/1991/12/14/business/business-people-a-developer-for-disney-is-focusing-on-anaheim.html,https:,,www.nytimes.com,1991,12,14,business,business-people-a-developer-for-disney-is-focusing-on-anaheim.html,
https://www.nytimes.com/2018/12/20/world/africa/hakuna-matata-disney-trademark.html,https:,,www.nytimes.com,2018,12,20,world,africa,hakuna-matata-disney-trademark.html
https://www.nytimes.com/1997/06/01/travel/the-learning-vacation-produced-by-disney.html,https:,,www.nytimes.com,1997,06,01,travel,the-learning-vacation-produced-by-disney.html,
https://www.nytimes.com/1996/06/27/business/disney-consolidates-global-operations.html,https:,,www.nytimes.com,1996,06,27,business,disney-consolidates-global-operations.html,
https://www.nytimes.com/2013/11/08/business/media/disney-reports-13-increase-in-profit.html,https:,,www.nytimes.com,2013,11,08,business,media,disney-reports-13-increase-in-profit.html
https://www.nytimes.com/1989/07/29/business/company-news-bass-increases-stake-in-disney.html,https:,,www.nytimes.com,1989,07,29,business,company-news-bass-increases-stake-in-disney.html,
https://www.nytimes.com/1997/04/25/business/disney-combines-video-divisions.html,https:,,www.nytimes.com,1997,04,25,business,disney-combines-video-divisions.html,
https://www.nytimes.com/2013/11/08/business/media/disney-reports-13-increase-in-profit.html,https:,,www.nytimes.com,2013,11,08,business,media,disney-reports-13-increase-in-profit.html
https://www.nytimes.com/1991/12/22/travel/travel-advisory-disney-world-ticket-dodge.html,https:,,www.nytimes.com,1991,12,22,travel,travel-advisory-disney-world-ticket-dodge.html,
https://www.nytimes.com/2006/01/20/business/media/tomorrowland-apple-chief-set-for-disney-role.html,https:,,www.nytimes.com,2006,01,20,business,media,tomorrowland-apple-chief-set-for-disney-role.html
https://www.nytimes.com/1989/07/29/business/company-news-bass-increases-stake-in-disney.html,https:,,www.nytimes.com,1989,07,29,business,company-news-bass-increases-stake-in-disney.html,
https://www.nytimes.com/1991/07/12/business/company-news-pixar-film-deal-with-disney.html,https:,,www.nytimes.com,1991,07,12,business,company-news-pixar-film-deal-with-disney.html,
https://www.nytimes.com/1988/05/01/style/stamps-stamps-promote-disney-and-the-olympics.html,https:,,www.nytimes.com,1988,05,01,style,stamps-stamps-promote-disney-and-the-olympics.html,
https://www.nytimes.com/1985/06/22/theater/stage-a-disney-roundup.html,https:,,www.nytimes.com,1985,06,22,theater,stage-a-disney-roundup.html,
https://www.nytimes.com/1994/09/18/arts/architecture-view-disney-takes-the-ice-to-the-players.html,https:,,www.nytimes.com,1994,09,18,arts,architecture-view-disney-takes-the-ice-to-the-players.html,
https://www.nytimes.com/2016/08/10/business/media/disney-bamtech-video-streaming.html,https:,,www.nytimes.com,2016,08,10,business,media,disney-bamtech-video-streaming.html
https://www.nytimes.com/1990/05/31/business/company-news-disney-s-shares-jump-by-6.html,https:,,www.nytimes.com,1990,05,31,business,company-news-disney-s-shares-jump-by-6.html,
https://mediadecoder.blogs.nytimes.com/2012/04/10/disney-enters-into-chinese-partnership-on-animation/,https:,,mediadecoder.blogs.nytimes.com,2012,04,10,disney-enters-into-chinese-partnership-on-animation,,
https://www.nytimes.com/2006/01/20/business/media/tomorrowland-apple-chief-set-for-disney-role.html,https:,,www.nytimes.com,2006,01,20,business,media,tomorrowland-apple-chief-set-for-disney-role.html
https://www.nytimes.com/2005/09/12/business/worldbusiness/disney-takes-exception-to-chinas-media-rules.html,https:,,www.nytimes.com,2005,09,12,business,worldbusiness,disney-takes-exception-to-chinas-media-rules.html
https://www.nytimes.com/2010/11/21/movies/21tangled.html,https:,,www.nytimes.com,2010,11,21,movies,21tangled.html,
https://www.nytimes.com/2006/06/30/us/30disney.html,https:,,www.nytimes.com,2006,06,30,us,30disney.html,
https://www.nytimes.com/1990/05/31/business/company-news-disney-s-shares-jump-by-6.html,https:,,www.nytimes.com,1990,05,31,business,company-news-disney-s-shares-jump-by-6.html,
https://bits.blogs.nytimes.com/2015/10/08/start-ups-picked-by-disney-hint-at-future-tech-for-children/,https:,,bits.blogs.nytimes.com,2015,10,08,start-ups-picked-by-disney-hint-at-future-tech-for-children,,
https://www.nytimes.com/2017/10/08/business/media/bamtech-disney-streaming.html,https:,,www.nytimes.com,2017,10,08,business,media,bamtech-disney-streaming.html
https://www.nytimes.com/2017/12/12/business/media/disney-21st-century-fox.html,https:,,www.nytimes.com,2017,12,12,business,media,disney-21st-century-fox.html
https://www.nytimes.com/2017/06/01/business/media/disney-theme-parks-universal-attendance.html,https:,,www.nytimes.com,2017,06,01,business,media,disney-theme-parks-universal-attendance.html
https://www.nytimes.com/1996/07/15/business/disney-park-to-celebrate-california.html,https:,,www.nytimes.com,1996,07,15,business,disney-park-to-celebrate-california.html,
https://www.nytimes.com/2017/12/12/business/media/disney-21st-century-fox.html,https:,,www.nytimes.com,2017,12,12,business,media,disney-21st-century-fox.html
https://www.nytimes.com/2017/06/01/business/media/disney-theme-parks-universal-attendance.html,https:,,www.nytimes.com,2017,06,01,business,media,disney-theme-parks-universal-attendance.html
https://mediadecoder.blogs.nytimes.com/2013/01/09/disney-world-gets-new-president/,https:,,mediadecoder.blogs.nytimes.com,2013,01,09,disney-world-gets-new-president,,
https://www.nytimes.com/2003/04/24/business/the-media-business-advertising-addenda-disney-to-introduce-magazine-in-us.html,https:,,www.nytimes.com,2003,04,24,business,the-media-business-advertising-addenda-disney-to-introduce-magazine-in-us.html,
https://www.nytimes.com/video/business/media/100000004309951/stewart-on-disney-duccession-disarray.html,https:,,www.nytimes.com,video,business,media,100000004309951,stewart-on-disney-duccession-disarray.html,
https://www.nytimes.com/1996/07/19/sports/trucks-hit-disney-road.html,https:,,www.nytimes.com,1996,07,19,sports,trucks-hit-disney-road.html,
https://www.nytimes.com/1993/10/19/business/worldbusiness/IHT-disney-to-cut-paris-jobs.html,https:,,www.nytimes.com,1993,10,19,business,worldbusiness,IHT-disney-to-cut-paris-jobs.html
https://mediadecoder.blogs.nytimes.com/2011/10/07/disney-extends-igers-contract/,https:,,mediadecoder.blogs.nytimes.com,2011,10,07,disney-extends-igers-contract,,
https://www.nytimes.com/1990/12/14/business/the-media-business-disney-s-muppets-deal-off.html,https:,,www.nytimes.com,1990,12,14,business,the-media-business-disney-s-muppets-deal-off.html,
https://www.nytimes.com/video/business/media/100000004309951/stewart-on-disney-duccession-disarray.html,https:,,www.nytimes.com,video,business,media,100000004309951,stewart-on-disney-duccession-disarray.html,
https://www.nytimes.com/1996/07/19/sports/trucks-hit-disney-road.html,https:,,www.nytimes.com,1996,07,19,sports,trucks-hit-disney-road.html,
https://www.nytimes.com/1991/01/24/business/the-media-business-disney-talks-on-mtm-reported.html,https:,,www.nytimes.com,1991,01,24,business,the-media-business-disney-talks-on-mtm-reported.html,
https://www.nytimes.com/2006/07/20/business/media/disney-opts-for-marketer-in-selection-of-film-chief.html,https:,,www.nytimes.com,2006,07,20,business,media,disney-opts-for-marketer-in-selection-of-film-chief.html
https://www.nytimes.com/2005/03/30/business/media/disney-and-the-miramax-chiefs-call-it-quits.html,https:,,www.nytimes.com,2005,03,30,business,media,disney-and-the-miramax-chiefs-call-it-quits.html
https://www.nytimes.com/2006/07/20/business/media/20disney.html,https:,,www.nytimes.com,2006,07,20,business,media,20disney.html
https://www.nytimes.com/1994/05/22/opinion/journal-disney-s-bull-run.html,https:,,www.nytimes.com,1994,05,22,opinion,journal-disney-s-bull-run.html,
https://www.nytimes.com/2008/12/17/technology/17iht-disney.1.18749445.html,https:,,www.nytimes.com,2008,12,17,technology,17iht-disney.1.18749445.html,
https://www.nytimes.com/2008/12/17/technology/17iht-disney.4.18762748.html,https:,,www.nytimes.com,2008,12,17,technology,17iht-disney.4.18762748.html,
https://www.nytimes.com/2008/02/06/business/media/06disney.html,https:,,www.nytimes.com,2008,02,06,business,media,06disney.html
https://www.nytimes.com/2005/01/21/business/media/is-bob-iger-a-new-leading-man-for-disney.html,https:,,www.nytimes.com,2005,01,21,business,media,is-bob-iger-a-new-leading-man-for-disney.html
https://www.nytimes.com/1994/05/22/opinion/journal-disney-s-bull-run.html,https:,,www.nytimes.com,1994,05,22,opinion,journal-disney-s-bull-run.html,
https://www.nytimes.com/2010/05/13/business/media/13saban.html,https:,,www.nytimes.com,2010,05,13,business,media,13saban.html
https://www.nytimes.com/2019/05/14/business/media/disney-upfront-kimmel.html,https:,,www.nytimes.com,2019,05,14,business,media,disney-upfront-kimmel.html
https://www.nytimes.com/2006/11/10/business/media/10disney.html,https:,,www.nytimes.com,2006,11,10,business,media,10disney.html
https://www.nytimes.com/2005/03/06/movies/how-the-tumultuous-marriage-of-miramax-and-disney-failed.html,https:,,www.nytimes.com,2005,03,06,movies,how-the-tumultuous-marriage-of-miramax-and-disney-failed.html,
https://www.nytimes.com/2017/10/02/business/media/disney-espn-altice.html,https:,,www.nytimes.com,2017,10,02,business,media,disney-espn-altice.html
https://www.nytimes.com/2008/02/06/business/media/06disney.html,https:,,www.nytimes.com,2008,02,06,business,media,06disney.html
https://www.nytimes.com/1985/01/04/arts/story-of-disney-studio.html,https:,,www.nytimes.com,1985,01,04,arts,story-of-disney-studio.html,
https://www.nytimes.com/1995/06/18/travel/travel-advisory-disney-tries-harder-in-france.html,https:,,www.nytimes.com,1995,06,18,travel,travel-advisory-disney-tries-harder-in-france.html,
https://www.nytimes.com/1995/06/18/travel/travel-advisory-disney-tries-harder-in-france.html,https:,,www.nytimes.com,1995,06,18,travel,travel-advisory-disney-tries-harder-in-france.html,
https://www.nytimes.com/1999/12/03/movies/animated-but-hardly-by-disney.html,https:,,www.nytimes.com,1999,12,03,movies,animated-but-hardly-by-disney.html,
https://www.nytimes.com/2004/10/28/business/media/ovitz-queried-on-expenses-in-lawsuit-against-disney.html,https:,,www.nytimes.com,2004,10,28,business,media,ovitz-queried-on-expenses-in-lawsuit-against-disney.html
https://www.nytimes.com/2018/07/01/opinion/disney-fox-deal.html,https:,,www.nytimes.com,2018,07,01,opinion,disney-fox-deal.html,
https://artsbeat.blogs.nytimes.com/2012/10/15/disney-sets-dates-and-new-details-for-marvel-superhero-movies/,https:,,artsbeat.blogs.nytimes.com,2012,10,15,disney-sets-dates-and-new-details-for-marvel-superhero-movies,,
https://www.nytimes.com/2002/02/13/business/company-news-kellogg-and-disney-announce-cereal-deal.html,https:,,www.nytimes.com,2002,02,13,business,company-news-kellogg-and-disney-announce-cereal-deal.html,
https://www.nytimes.com/2003/02/09/arts/music-today-disney-tomorrow-the-met.html,https:,,www.nytimes.com,2003,02,09,arts,music-today-disney-tomorrow-the-met.html,
https://www.nytimes.com/1982/07/09/movies/disney-tron.html,https:,,www.nytimes.com,1982,07,09,movies,disney-tron.html,
https://www.nytimes.com/slideshow/2009/09/30/arts/20091001_DISNEY_SLIDESHOW_index.html,https:,,www.nytimes.com,slideshow,2009,09,30,arts,20091001_DISNEY_SLIDESHOW_index.html
https://www.nytimes.com/2005/08/10/business/media/ruling-upholds-disneys-payment-in-firing-of-ovitz.html,https:,,www.nytimes.com,2005,08,10,business,media,ruling-upholds-disneys-payment-in-firing-of-ovitz.html
https://www.nytimes.com/1989/06/03/business/company-news-disney-murdoch-settle-lawsuit.html,https:,,www.nytimes.com,1989,06,03,business,company-news-disney-murdoch-settle-lawsuit.html,
https://www.nytimes.com/2006/04/16/business/yourmoney/a-busmans-holiday-for-disneys-chief.html,https:,,www.nytimes.com,2006,04,16,business,yourmoney,a-busmans-holiday-for-disneys-chief.html
https://www.nytimes.com/2005/08/10/business/media/ruling-upholds-disneys-payment-in-firing-of-ovitz.html,https:,,www.nytimes.com,2005,08,10,business,media,ruling-upholds-disneys-payment-in-firing-of-ovitz.html
https://www.nytimes.com/2010/12/03/us/03celebration.html,https:,,www.nytimes.com,2010,12,03,us,03celebration.html,
https://www.nytimes.com/1999/08/08/movies/film-a-disney-dissenter-shuns-song-and-dance.html,https:,,www.nytimes.com,1999,08,08,movies,film-a-disney-dissenter-shuns-song-and-dance.html,
https://cityroom.blogs.nytimes.com/2009/09/23/blogs/23cityroom-for-disn84755.html,https:,,cityroom.blogs.nytimes.com,2009,09,23,blogs,23cityroom-for-disn84755.html,
https://www.nytimes.com/2018/05/08/business/media/disney-earnings-fox-comcast.html,https:,,www.nytimes.com,2018,05,08,business,media,disney-earnings-fox-comcast.html
https://www.nytimes.com/2003/02/09/arts/music-today-disney-tomorrow-the-met.html,https:,,www.nytimes.com,2003,02,09,arts,music-today-disney-tomorrow-the-met.html,
https://www.nytimes.com/2018/06/27/business/media/disney-fox-antitrust-comcast.html,https:,,www.nytimes.com,2018,06,27,business,media,disney-fox-antitrust-comcast.html
https://www.nytimes.com/slideshow/2009/09/30/arts/20091001_DISNEY_SLIDESHOW_index.html,https:,,www.nytimes.com,slideshow,2009,09,30,arts,20091001_DISNEY_SLIDESHOW_index.html
https://mediadecoder.blogs.nytimes.com/2011/08/21/fans-flock-to-disney-expo-in-california/,https:,,mediadecoder.blogs.nytimes.com,2011,08,21,fans-flock-to-disney-expo-in-california,,
https://www.nytimes.com/2018/06/27/business/media/disney-fox-antitrust-comcast.html,https:,,www.nytimes.com,2018,06,27,business,media,disney-fox-antitrust-comcast.html
https://www.nytimes.com/1994/07/08/business/disney-cbs-talks-denied.html,https:,,www.nytimes.com,1994,07,08,business,disney-cbs-talks-denied.html,
https://www.nytimes.com/1994/08/20/business/euro-disney-s-new-officer.html,https:,,www.nytimes.com,1994,08,20,business,euro-disney-s-new-officer.html,
https://mediadecoder.blogs.nytimes.com/2008/08/07/disney-rebrands-cartoon-network-for-boys/,https:,,mediadecoder.blogs.nytimes.com,2008,08,07,disney-rebrands-cartoon-network-for-boys,,
https://www.nytimes.com/2010/07/08/business/media/08miramax.html,https:,,www.nytimes.com,2010,07,08,business,media,08miramax.html
https://www.nytimes.com/1996/08/20/theater/disney-takes-on-broadway-and-bible.html,https:,,www.nytimes.com,1996,08,20,theater,disney-takes-on-broadway-and-bible.html,
https://www.nytimes.com/2019/07/17/business/media/abigail-disney-income-inequality.html,https:,,www.nytimes.com,2019,07,17,business,media,abigail-disney-income-inequality.html
https://mediadecoder.blogs.nytimes.com/2010/04/21/disney-names-a-new-marketing-chief/,https:,,mediadecoder.blogs.nytimes.com,2010,04,21,disney-names-a-new-marketing-chief,,
https://www.nytimes.com/2005/12/03/business/disney-names-two-directors-to-its-board.html,https:,,www.nytimes.com,2005,12,03,business,disney-names-two-directors-to-its-board.html,
https://mediadecoder.blogs.nytimes.com/2010/04/21/disney-names-a-new-marketing-chief/,https:,,mediadecoder.blogs.nytimes.com,2010,04,21,disney-names-a-new-marketing-chief,,
https://rendezvous.blogs.nytimes.com/2012/07/11/disney-to-asian-pirates-knock-it-off/,https:,,rendezvous.blogs.nytimes.com,2012,07,11,disney-to-asian-pirates-knock-it-off,,
https://www.nytimes.com/2001/07/30/business/most-wanted-drilling-down-cable-channels-extending-disney-s-family.html,https:,,www.nytimes.com,2001,07,30,business,most-wanted-drilling-down-cable-channels-extending-disney-s-family.html,
https://mediadecoder.blogs.nytimes.com/2011/09/20/disney-to-add-avatar-to-theme-park/,https:,,mediadecoder.blogs.nytimes.com,2011,09,20,disney-to-add-avatar-to-theme-park,,
https://www.nytimes.com/2001/07/08/business/off-the-shelf-when-disney-winked-florida-swooned.html,https:,,www.nytimes.com,2001,07,08,business,off-the-shelf-when-disney-winked-florida-swooned.html,
https://dealbook.nytimes.com/2010/07/30/disney-sells-miramax-for-660-million/,https:,,dealbook.nytimes.com,2010,07,30,disney-sells-miramax-for-660-million,,
https://www.nytimes.com/1999/08/13/business/the-media-business-disney-said-to-be-selling-fairchild-publications.html,https:,,www.nytimes.com,1999,08,13,business,the-media-business-disney-said-to-be-selling-fairchild-publications.html,
https://www.nytimes.com/1996/10/20/travel/at-disney-world-a-boardwalk-village.html,https:,,www.nytimes.com,1996,10,20,travel,at-disney-world-a-boardwalk-village.html,
https://www.nytimes.com/2011/04/08/business/media/08disney.html,https:,,www.nytimes.com,2011,04,08,business,media,08disney.html
https://www.nytimes.com/video/business/100000002145737/disney-junior-finds-ratings-success.html,https:,,www.nytimes.com,video,business,100000002145737,disney-junior-finds-ratings-success.html,,
https://www.nytimes.com/1987/11/27/business/business-people-investor-for-disney-seeks-diversity.html,https:,,www.nytimes.com,1987,11,27,business,business-people-investor-for-disney-seeks-diversity.html,
https://www.nytimes.com/2001/07/08/business/off-the-shelf-when-disney-winked-florida-swooned.html,https:,,www.nytimes.com,2001,07,08,business,off-the-shelf-when-disney-winked-florida-swooned.html,
https://www.nytimes.com/1994/09/23/business/now-playing-disney-in-turmoil.html,https:,,www.nytimes.com,1994,09,23,business,now-playing-disney-in-turmoil.html,
https://dealbook.nytimes.com/2008/05/02/disney-reacquires-north-american-stores/,https:,,dealbook.nytimes.com,2008,05,02,disney-reacquires-north-american-stores,,
https://www.nytimes.com/2000/01/28/technology/disney-to-focus-gocom-on-entertainment-segment.html,https:,,www.nytimes.com,2000,01,28,technology,disney-to-focus-gocom-on-entertainment-segment.html,
https://www.nytimes.com/2009/03/20/movies/20arts-DISNEYPIXARS_BRF.html,https:,,www.nytimes.com,2009,03,20,movies,20arts-DISNEYPIXARS_BRF.html,
https://www.nytimes.com/2016/06/15/business/international/china-disney.html,https:,,www.nytimes.com,2016,06,15,business,international,china-disney.html
https://www.nytimes.com/2017/12/13/business/dealbook/disney-fox-iger.html,https:,,www.nytimes.com,2017,12,13,business,dealbook,disney-fox-iger.html
https://www.nytimes.com/2007/08/20/business/media/20disney.html,https:,,www.nytimes.com,2007,08,20,business,media,20disney.html
https://www.nytimes.com/1994/08/09/business/disney-to-sample-the-interactive-era.html,https:,,www.nytimes.com,1994,08,09,business,disney-to-sample-the-interactive-era.html,
